unsupported Body IR JSON serialization type List	execution_strings_and_output/refuses_json_stringify_outside_the_scalar_domain_at_the_call_span
unsupported Body IR builtin Min	snapshots_collections_and_strings/builtins
unsupported Body IR builtin WriteFile	emit_calls_and_builtins/file_builtins_report_errors_as_strings
unsupported Body IR nominal type CompressionError	codegen_models_and_collections/compression_auto_decode
unsupported Body IR nominal type CompressionError	codegen_modules_and_imports/std_submodule_single_import
unsupported Body IR nominal type CompressionError	snapshots_stdlib/std_compression
unsupported Body IR nominal type EnvironError	codegen_models_and_collections/environ_get_as_composed_newtype
unsupported Body IR nominal type EnvironError	lowering_expressions/overloaded_stdlib_call_selection
unsupported Body IR nominal type EnvironError	snapshots_stdlib/std_environ_args
unsupported Body IR nominal type Html	cli_modules_and_declarations/web_html_response_type
unsupported Body IR nominal type IoError	codegen_models_and_collections/bytes_io_and_io_error_defaults
unsupported Body IR nominal type IoError	emit_calls_and_builtins/std_fs_path_str_or_path_targets
unsupported Body IR nominal type IoError	lowering_declarations/stdlib_trait_default_names_its_own_module_type
unsupported Body IR nominal type IoError	lowering_expressions/stdlib_trait_dispatch_across_package
unsupported Body IR nominal type IoError	ownership_parameters_and_receivers/bytes_io_read_through_a_guard
unsupported Body IR nominal type IoError	snapshots_stdlib/std_io_and_fs_trait_method_calls
unsupported Body IR nominal type IoError	snapshots_stdlib/std_tempfile
unsupported Body IR nominal type JsonValue	snapshots_collections_and_strings/map_err_string_literal_closure
unsupported Body IR nominal type JsonValue	snapshots_newtypes_and_serde/json_value_indexing
unsupported Body IR nominal type OrdinalMapError	emit_calls_and_builtins/ordinal_map_bytes_round_trip
unsupported Body IR nominal type OrdinalMapError	snapshots_collections_and_strings/ordinal_map_str_lookup
unsupported Body IR nominal type ValidationError	lowering_expressions/receiver_aware_method_kinds_issue1668
unsupported Body IR nominal type ValidationError	snapshots_collections_and_strings/str_encode_bytes_decode
unsupported Body IR type FrozenList[str]	cli_values_and_calls/const_frozen_collection_reads
unsupported Body IR type FrozenList[str]	lowering_declarations/frozen_collections_nested_strings
unsupported Body IR type Option[List[int]]	cli_values_and_calls/mut_local_changed_through_a_pattern_binding
unsupported Body IR type Option[List[int]]	cli_values_and_calls/mut_parameter_changed_through_a_pattern_binding
unsupported Body IR type Option[int]	emit_calls_and_builtins/match_arms_and_loop_values_share_one_type
unsupported Body IR type Option[int]	lowering_expressions/value_written_to_option_place_is_wrapped
unsupported Body IR type Option[str]	snapshots_models_and_classes/model_with_alias
unsupported Body IR type Option[str]	snapshots_models_and_classes/models
